NamaBarang;Kategori
ACCOUSTIC ANF 15 MM @ 10 LBR;OTHER
ALUMINIUM BUBBLE FOIL 4 MM X 1,25 X 25 M;OTHER
ALUMINIUM SINGLE SIDE UK 12 x 45 MTR;OTHER
AMPLAS RED LOTUS 0060 0100 X 05;OTHER
AMPLAS RED LOTUS 0100 0100 X 05;OTHER
AMPLAS RED LOTUS 0100 0100 X 05 @ 5 MTR;OTHER
AMPLAS RED LOTUS 0120 0100 X 05;OTHER
AMPLAS RED LOTUS 0120 0100 X 05 @ 5 MTR;OTHER
AMPLAS RED LOTUS 0150 0100 X 05;OTHER
AMPLAS RED LOTUS 0150 0100 X 05 @ 5 MTR;OTHER
AMPLAS RED LOTUS 0180 0100 X 05;OTHER
AMPLAS RED LOTUS 0180 0100 X 05 @ 5 MTR;OTHER
AMPLAS RED LOTUS 0320 0100 X 05;OTHER
AMPLAS RED LOTUS 0320 0100 X 05 @ 5 MTR;OTHER
AQUAPROOF ABU @ 1 KG;OTHER
AQUAPROOF ABU @ 20 KG;OTHER
AQUAPROOF ABU @ 4 KG;OTHER
AQUAPROOF ABU 1 KG;OTHER
AQUAPROOF ABU 1 KG @ 12 KLG;OTHER
AQUAPROOF ABU 4 KG @ 4 GLN;OTHER
AQUAPROOF ABU MD @ 20 KG;OTHER
AQUAPROOF ABU MD @ 4 KG;OTHER
AQUAPROOF ABU MD 1 KG @ 12 KLG;OTHER
AQUAPROOF ABU MD 4 KG @ 4 GLN;OTHER
AQUAPROOF BIRU 1 KG @ 12 KLG;OTHER
AQUAPROOF BIRU 4 KG @ 4 GLN;OTHER
AQUAPROOF COKLAT 1 KG @ 12 KLG;OTHER
AQUAPROOF COKLAT 4 KG @ 4 GLN;OTHER
AQUAPROOF COKLAT MD @ 20 KG;OTHER
AQUAPROOF COKLAT MD 4 KG @ 4 GLN;OTHER
AQUAPROOF CREAM @ 20 KG;OTHER
AQUAPROOF CREAM @ 4 KG;OTHER
AQUAPROOF CREAM 1 KG @ 12 KLG;OTHER
AQUAPROOF CREAM 4 KG @ 4 GLN;OTHER
AQUAPROOF HIJAU @ 1 KG;OTHER
AQUAPROOF HIJAU 4 KG @ 4 GLN;OTHER
AQUAPROOF HITAM @ 20 KG;OTHER
AQUAPROOF HITAM 1 KG @ 12 KLG;OTHER
AQUAPROOF HITAM 4 KG @ 4 GLN;OTHER
AQUAPROOF MARKISA 1 KG @ 12 KLG;OTHER
AQUAPROOF MARKISA 4 KG @ 4 GLN;OTHER
AQUAPROOF MERAH 1 KG @ 12 KLG;OTHER
AQUAPROOF MERAH 4 KG @ 4 GLN;OTHER
AQUAPROOF MOCCA @ 20 KG;OTHER
AQUAPROOF MOCCA 1 KG @ 12 KLG;OTHER
AQUAPROOF MOCCA 4 KG @ 4 GLN;OTHER
AQUAPROOF ORANGE @ 20 KG;OTHER
AQUAPROOF ORANGE @ 4 KG;OTHER
AQUAPROOF ORANGE 1 KG @ 12 KLG;OTHER
AQUAPROOF ORANGE 4 KG @ 4 GLN;OTHER
AQUAPROOF ORANGE MUDA 4 KG @ 4 GLN;OTHER
AQUAPROOF PUTIH @ 20 KG;OTHER
AQUAPROOF PUTIH @ 4 KG;OTHER
AQUAPROOF PUTIH 1 KG @ 12 KLG;OTHER
AQUAPROOF PUTIH 4 KG @ 4 GLN;OTHER
AQUAPROOF TRANS @ 1 KG;OTHER
AQUAPROOF TRANS @ 20 KG;OTHER
AQUAPROOF TRANS @ 4 KG;OTHER
AQUAPROOF TRANS 1 KG @ 12 KLG;OTHER
AQUAPROOF TRANS 4 KG @ 4 GLN;OTHER
ASBES GIGA FLEX 180 X80;OTHER
BACK MESH 120 X 90;OTHER
BACK MESH 150 X 100;OTHER
BACK MESH 150 X 90;OTHER
BACK MESH 180 X 100;OTHER
BACK MESH 180 X 90;OTHER
BACK MESH 200 X 100 CM;OTHER
BACK MESH 200 X 90;OTHER
BALL VALVE 1/2 KITZ;OTHER
BALL VALVE 1/2 MJP;OTHER
BALL VALVE 3/4 COCO;OTHER
BALL VALVE 3/4 KITZ;OTHER
BALL-V SOC YUTA PVC BVOP1/2(S;OTHER
BALL-V SOC YUTA PVC BVS 1/2(S;OTHER
BAN LENGKAP ALPHA;OTHER
BORAL U;OTHER
BORAL Z/SHEDOWLINE@ 3 M;OTHER
BRACKET 25 CM;OTHER
BRACKET 35 CM;OTHER
CASTING ELEPHANT @ 18 KG;METAL & GYPSUM
CAT VINILEX 300 WHITE @4 GLN;OTHER
CELLING LINE 100 PJ 3M;OTHER
CHANAL BT C75-75 X 6M;METAL & GYPSUM
CHANAL C75A X 6M;METAL & GYPSUM
CHANAL KABSTEEL C75-0,75 PJ 6 MTR;METAL & GYPSUM
CHANAL KASO (KSO) C75-70 X 6 M;METAL & GYPSUM
CHANAL KASO (KSO) C75-75 X 6 M;METAL & GYPSUM
CHANAL KASO(KSO) C75-75 X 6 M;METAL & GYPSUM
CHANAL KS C75 - 0,65 X 6M;METAL & GYPSUM
CHANAL TASO C75-75 X 6 M;METAL & GYPSUM
CHANAL UNGGUL C75-0,75 X 6 M;METAL & GYPSUM
CLEAR FINISH;OTHER
CONWOOD  G1 UK 200x3050x11;OTHER
CONWOOD  G2 UK 200x3050x11;OTHER
CONWOOD 6 INCH UK 152x3050x14mm;OTHER
CONWOOD EAVE 2IN1 235 x 3050 x16MM;OTHER
CONWOOD LAP SIDING G1 uk 15 MM (20 X 300);OTHER
"CONWOOD PLANK 2"" 16MM";OTHER
CORNER BEAD 0,40X26,5MM PJ 3 M;METAL & GYPSUM
CORNICE ADH A PLUS @ 1 KG;METAL & GYPSUM
CORNICE ADH A PLUS @ 20 BKS;METAL & GYPSUM
CORNICE ADH APLUS @ 20 KG;METAL & GYPSUM
CORNICE ADH INDAL @ 20 KG;METAL & GYPSUM
CUP/ DOP AW 3/4 ;OTHER
CUP/DOP AW 1/2 ;OTHER
CUTTER;OTHER
DAMDEX HIJAU @ 20 LTR;OTHER
DAMDEX LIQUID PRIMER 0,8 KG;OTHER
DAMDEX MERAH @ 20 LTR;OTHER
DAMDEX MLT FGS 5 LTR @ 6 GLN;OTHER
DAMDEX MLT FGS @ 1 LTR;OTHER
DAMDEX MLT FGS @ 20 LTR;OTHER
DAMDEX MLT FGS @ 5 LTR;OTHER
DAMDEX MLT FGS 1 LTR @ 24 JRG;OTHER
DAMDEX WARNA ABU @ 1 LTR;OTHER
DAMDEX WRN ABU 0,8 LTR;OTHER
DAMDEX WRN BIRU @ 4 LTR;OTHER
DAMDEX WRN HITAM @ 0,8 LTR;OTHER
DAMDEX WRN PRIMER @ 2,5 LTR;OTHER
DAMDEX WRN PRIMER 0,8 @ 12 KLG;OTHER
DAMDEX WRN PRIMER 0,8 LTR;OTHER
DOUBLE HOOK 30 CM;OTHER
DOUBLE HOOK 35 CM;OTHER
DRAINAGE CELL;OTHER
DYNABOLT 10 x 65;OTHER
DYNABOLT 10 x 65 @150;OTHER
ELBOW AW (KNEE AW) 1;OTHER
ELBOW AW (KNEE AW) 1 1/4;OTHER
ELBOW AW (KNEE AW) 3;OTHER
ELBOW AW (KNEE AW) 3/4;OTHER
ELBOW AW (KNEE AW) 4;OTHER
ELBOW D ( KNEE D) 45 1 1/2;OTHER
ELBOW D (KNEE D) 1 1/2;OTHER
ELBOW D (KNEE D) 1 1/4;OTHER
ELBOW D (KNEE D) 3;OTHER
ELBOW D (KNEE D) 45  2;OTHER
ELBOW D (KNEE D) 45 4;OTHER
ELITE PLAFON BT 03 X;OTHER
ELITE PLAFON BT 04 X;OTHER
ELITE PLAFON BT 05 X;OTHER
ELITE PLAFON WD - 02;OTHER
ELITE PLAFON WD - 03;OTHER
ELITE PLAFON WD 03 - 2 HG;OTHER
ELITE PLAFON WD 06 - 2 HG;OTHER
ELITE PLAFON WD 12;OTHER
ELITE PLAFON WD 14;OTHER
ELLITE PLAFON AB 03;OTHER
ELLITE PLAFON GE 07 X;OTHER
ELLITE PLAFON WD 01;OTHER
ELLITE PLAFON WD 01 - 25;OTHER
ELLITE PLAFON WD 06;OTHER
ELLITE PLAFON WD 06 - 2HG;OTHER
EMBER COR GO GREEN 14;OTHER
EMBER COR GO GREEN 14 @ 12 PCS;OTHER
ETER11 3,5 MM (80 X 180);EBPI
ETER6 5 MM (100 X 180);EBPI
ETER6 5 MM (100 X 200);EBPI
ETER6 5 MM (100 X 225);EBPI
ETER6 5 MM (100 X 250);EBPI
ETER6 5 MM (100 X 305);EBPI
FAUCET ELBOW AW (KDD 3/4;OTHER
FAUCET SOCKET AW (SDD) 1;OTHER
FAUCET SOCKET AW (SDD) 1 1/2;OTHER
FAUCET SOCKET AW (SDD) 1 1/4;OTHER
FAUCET SOCKET AW (SDD) 1X1/2;OTHER
FAUCET SOCKET AW(SDD)1/2X3/4;OTHER
FIBER TAPE BLITZ 3.0 CM X 40 M;OTHER
FIBER TAPE BLITZ FUKUDA 3.0 CM X 40 M;OTHER
FIBER TAPE BLITZ VPR 3.0 CM X 40 M;OTHER
FILTER TUSEN 3/4`;OTHER
FIRE ROCK 2,5 CM X 60 X 120 @12 LBR;OTHER
FLOOR DRAIN DFVM 3` ( S);OTHER
GATE VALVE 1 1/2`;OTHER
GATE VALVE 1 1/4`;OTHER
GATE VALVE 1`;OTHER
GATE VALVE 2 1/2`;OTHER
GATE VALVE 3/4`;OTHER
GELOMBANG MINI 3,5 180 X 80;OTHER
GENTENG METAL MERAH MAROON PASIR;METAL & GYPSUM
GENTENG UNGGUL MERAH CARITA;METAL & GYPSUM
GEOTEXTILE NON WOVEN 150 GR;OTHER
GEOTEXTILE NON WOVEN 200 GR;OTHER
GEROBAK ALPHA 3.25 BESI;OTHER
GL 5 TINTED BLUE 0.25 PJ 6.2 M;OTHER
GLASS WOLL 1625;OTHER
GO GREEN BIRU 300 X 80;OTHER
GO GREEN HIJAU 180 X 80;OTHER
GO GREEN MERAH 180 X 80;OTHER
GO GREEN MERAH 300 X 80;OTHER
GO GREEN SILVER 180 X 80;OTHER
GRC 4 MM (120 X 240);OTHER
GUNTING HOLLOW BELCO;OTHER
GUNTING HOLLOW ENGLAND;OTHER
GYPROC 9 MM (120 X 240);METAL & GYPSUM
GYPROC VALUE SMART BOARD 9 (120X240);METAL & GYPSUM
GYPS APLUS 9 MM (120 X 240);METAL & GYPSUM
GYPS E-BOARD 9 MM (120 X 240);METAL & GYPSUM
GYPS INDOBOARD 9 MM ( 120 X 240 );METAL & GYPSUM
GYPS JAYA 12 MM RE (120 X 240);METAL & GYPSUM
GYPS JAYA WA 9 MM (120 X 240);METAL & GYPSUM
GYPSUM KNAUF 12 MM (120X240);METAL & GYPSUM
GYPSUM KNOUF;METAL & GYPSUM
HANDLE PT ATC P.905 MAHKOTA;OTHER
HANDLE PT CHANEL 102 SN/GP (BIJI);OTHER
HOLLOW 16,5X35X4X0.30MM Bjlas;METAL & GYPSUM
HOLLOW 2X4 0,25 A SJMB;METAL & GYPSUM
HOLLOW 35X35X4X0.30MM BJLAS;METAL & GYPSUM
HOLLOW 4/4 TGR @ 0.3  MM;METAL & GYPSUM
HOLLOW BTG 2/4 X 4 GLS;METAL & GYPSUM
HOLLOW BUKIT 15/35 PJ 4 MTR;METAL & GYPSUM
HOLLOW EX-FRAME 4/4 X 4 Rsk;METAL & GYPSUM
HOLLOW GARUDA 2X4;METAL & GYPSUM
HOLLOW GARUDA 2X4  MINI;METAL & GYPSUM
HOLLOW GARUDA 4 X 4;METAL & GYPSUM
HOLLOW GT 2/4 X 4 GLM;METAL & GYPSUM
HOLLOW QU BLUE 2/4X4X 0,3M RSK;METAL & GYPSUM
HOLLOW QUBLUE 2/4 X 4 X 0,3 MM;METAL & GYPSUM
HOLLOW S ZAC 060 18X38X4 MTR;METAL & GYPSUM
HOLLOW SE 15/35 X 4M;METAL & GYPSUM
HOLLOW SE 35/35 X 4M;METAL & GYPSUM
HOLLOW SQ 15/35 X 4 GLM;METAL & GYPSUM
HOLLOW SQ 35/35 X 4 GLM;METAL & GYPSUM
HOLLOW TGR 4/4 X 4 GLM;METAL & GYPSUM
HOLLOW ZNAL 16.5 x 35 x 4 x 0.35 MM;METAL & GYPSUM
ISOLASI TAPE METALIZING 4,8 CM X 40 MTR;OTHER
JAWARA PVC AW 1 1/4 PUTIH 4 M;OTHER
JAWARA PVC AW 1/2 PUTIH 4 M;OTHER
JAWARA PVC AW 2 1/2 PUTIH;OTHER
JAWARA PVC AW 2 PUTIH 4 M;OTHER
JAWARA PVC AW 3 PUTIH;OTHER
JAWARA PVC AW 3/4 PUTIH 4 M;OTHER
JAWARA PVC AW 4 PUTIH;OTHER
JAWARA PVC C 3 PUTIH 4 M;OTHER
JAWARA PVC C 5/8 PUTIH 4 M;OTHER
JAWARA PVC D 1 1/2 PUTIH 4 M;OTHER
JAWARA PVC D 1 1/4 PUTIH 4 M;OTHER
JAWARA PVC D 2 1/2  PUTIH 4 M;OTHER
JAWARA PVC D 3 PUTIH 4 M;OTHER
JAWARA PVC D 4 PUTIH 4 M;OTHER
JAYA ACCESS 9MMX0,45MX0,45M;OTHER
JB SHEETROCK 9 (120 X 240);OTHER
JB SHEETROCK 9 X 120 X 240 MM;OTHER
JB12 MM (120 X 240 );OTHER
KALSI JOINT COMPOUND (20 KG);EBPI
KALSI JOINT COMPOUND (5 KG);EBPI
KALSI L.4,5 MM (120 X 240);EBPI
KALSI L.6,0 MM (120 X 240);EBPI
KALSI PRT.8,0 MM (120 X 240);EBPI
KALSI SCREW FL 20 mm;EBPI
KALSI SCREW FL 20 mm @ 1000 Pcs;EBPI
KALSI SCREW PC 8 -12 mm;EBPI
KALSI SCREW PC 8-12 mm @ 800 PCS;EBPI
KALSI SCREW SDS JF UK 8 x 25 @ 1.000 PCS;EBPI
KALSICLAD 10,0 MM (120 X 240);EBPI
KALSICLAD 10 MM (122 X 244);EBPI
KALSICLAD 12,0 MM (120 X 240);EBPI
KALSIDECK 20 MERANTI (20X240);EBPI
KALSIDECK MRT VL 20MM (20X240);EBPI
KALSIFLOOR 20 MM (120 X 240);EBPI
KALSIGROOVE 7,5 MM (120 X 240);EBPI
KALSILING 3,5 MM (120 X 240);EBPI
KALSILING 3,5 MM (122 X 244);EBPI
KALSILING 3.5 ( 100 X 100 ) R.CUT;EBPI
KALSILING 4,5 MM (120 X 240);EBPI
KALSILING 6,0 MM (120 X 240);EBPI
KALSIPART 8,0 MM (120 X 240);EBPI
KALSIPLANK 10 IL (20 X 300);EBPI
KALSIPLANK 10 MRANTI IL 20X300;EBPI
KALSIPLANK 12 FASCIA 15 X 300;EBPI
KALSIPLANK 8 MM (20 X 300);EBPI
KALSIPLANK 8 MM (30 X 300);EBPI
KALSIPLANK 9  CEDAR (20 X 400);EBPI
KALSIPLANK 9 MM (20 X 400);EBPI
KALSIPLANK JT 8 MM (20 X 300);EBPI
KALSIPLANK JT 8 MM (20 X 300) CINNAMON;EBPI
KALSIPLANK JT 8 MM (30 X 300);EBPI
KALSIPLANK JT IL 10 MM (20X300);EBPI
KALSIPLINTH 8,0 MM (10 X 300);EBPI
KALSIRATA 3,0 MM (100 X 100);EBPI
KAPI CAT RRT 1 3/4;OTHER
"KAPI PLASTIK MERAH NEW STAR 5""";OTHER
"KAPI PLASTIK MERAH NEW STAR 7""";OTHER
"KAPI PLASTIK MERAH NEW STAR 9""";OTHER
KRAN BC 1/2;OTHER
KRAN BC 3/4;OTHER
KRAN BCS 1/2;OTHER
KRAN BCS 1/2 BRASS;OTHER
KRAN BL 1/2;OTHER
KRAN KC 01;OTHER
KRAN KC 02;OTHER
KRAN KD 02 N;OTHER
KRAN KD 04;OTHER
KRAN KD 06;OTHER
KRAN KD 09 Flex;OTHER
KRAN KM 01;OTHER
KRAN KM 01 A;OTHER
KRAN KM 03;OTHER
KRAN KT 03;OTHER
KRAN KT 05;OTHER
KRAN KW 01;OTHER
KRAN KW 03;OTHER
KRAN S 01 KREM;OTHER
KRAN S 01 PUTIH;OTHER
KRAN S 02 PUTIH;OTHER
KRAN S 03 CHROME;OTHER
KRAN TA 1/2;OTHER
KRANZ SELANG FLEXIBLE 40 CM;OTHER
KUAS ROL TAIYO;OTHER
LIS PIGURA SIKU GOLD HITAM;OTHER
LIS PVC 1 W;OTHER
LIS PVC 11 - W;OTHER
LIS PVC 12 - W;OTHER
LIS PVC 13 B;OTHER
LIS PVC 13 W;OTHER
LIS PVC 15 - B;OTHER
LIS PVC 3 W;OTHER
LIS PVC 4 (H) B;OTHER
LIS PVC 5 LW;OTHER
LIS PVC 8 B;OTHER
LIS PVC 8 W;OTHER
METAL STUD 50 APLUS @ 3 M;METAL & GYPSUM
METAL STUD 7,6 @ 3 M;METAL & GYPSUM
METERAN YUTA 7.5 M;OTHER
MOWILEX 403 CERY;OTHER
MOWILEX 502 PALISANDER;OTHER
MOWILEX 503 WALNUT;OTHER
MOWILEX 504 AKASIA;OTHER
MULTI ROOF STONE PRETTY MAROON;OTHER
NK BOARD 3,5 MM (120 X 240);OTHER
NOK ETER AX6 NSG ATAS;EBPI
NOK ETER AX6 NSG BAWAH;EBPI
NOK ETER Ax6 NSR ATAS;EBPI
NOK ETER Ax6 NSR BAWAH;EBPI
NOK ETER11 ATAS;EBPI
NOK ETER11 BAWAH;EBPI
NOK ETER6 ATAS;EBPI
NOK ETER6 BAWAH;EBPI
NOK GENTENG MERAH MAROON PASIR;METAL & GYPSUM
NOK GOGREEN HIJAU;OTHER
NOK GOGREEN MERAH;OTHER
NOK ONDULIN COKLAT;OTHER
NOK ONDULINE MERAH;OTHER
NOK RATU CRYSTAL DELI BROWN;METAL & GYPSUM
NOK RATU CRYSTAL DELIMA RED;METAL & GYPSUM
NOK RATU STONE PRETTY MAROON;METAL & GYPSUM
NOK RATU STONE COFFEE BROWN;METAL & GYPSUM
NOK TRIMDEX 0,25 PJ 3 MTR;METAL & GYPSUM
NOK TRIMDEX 0,25 PJ 4 MTR;METAL & GYPSUM
ONDULINE CLASSIC COKLAT;OTHER
ONDULINE CLASSIC MERAH;OTHER
ONDULINE CLASSICC  HITAM;OTHER
P MD PETRA (820)WALNUT K,MANDI;OTHER
P MD-PETRA (700) WLNUT;OTHER
P MD-PETRA (820) WLNUT RUSAK;OTHER
P MD-S PETRA (720) GLD OAK;OTHER
P NC-S ASH NT (820);OTHER
PAKU BETON 1;METAL & GYPSUM
PAKU BETON 1 -  1/2;METAL & GYPSUM
PAKU BETON 1 - 1/4;METAL & GYPSUM
PAKU BETON 2;METAL & GYPSUM
PAKU BETON 70 ATC;METAL & GYPSUM
PAKU GYPSUM @ 1 KG;METAL & GYPSUM
PAKU GYPSUM @ 20 KG;METAL & GYPSUM
PAKU KALSI @ 1 KG;METAL & GYPSUM
PAKU KALSI @ 20 KG;METAL & GYPSUM
PAKU KALSI @ 600 GRAM;METAL & GYPSUM
PAKU ONDULINE HITAM;METAL & GYPSUM
PELAMPUNG 1/2;OTHER
PELAMPUNG 1`;OTHER
PELAMPUNG 3/4`;OTHER
PELAMPUNG PLASTIK(YBF)1/2(S);OTHER
PLAFON MODERN B;OTHER
PLAMIR 5 KG;OTHER
PLASTIK FLAT BIRU;OTHER
PLASTIK FLAT HIJAU METERAN;OTHER
RAMSKAR LB KNG;OTHER
REDUCING SOCKET AW 1X1/2;OTHER
RENG BUKIT 30-0.40 PJ 6 MTR;METAL & GYPSUM
RENG GARUDA 30 X 0,45;METAL & GYPSUM
RENG GARUDA 30 X 0.40;METAL & GYPSUM
RENG KABSTEEL R30-0,40 PJ 6 MTR;METAL & GYPSUM
RENG KASO 30-0,45 X 6M (MINI);METAL & GYPSUM
RENG KASO MINI 30 - 0.45 X 6M;METAL & GYPSUM
RENG KENCANA 30 X 0,40;METAL & GYPSUM
RENG R28A X 6M;METAL & GYPSUM
RENG TASO (MX) 32-0,45 X 6M;METAL & GYPSUM
RENG TASO (TR) R32.45 X 6000MM;METAL & GYPSUM
ROCK WOLL FIRE ROCK 80X50X6;OTHER
ROCK WOLL FIREROCK 60X50X6;OTHER
ROCK WOOL TOMBO @ 10 LBR;OTHER
ROCKWOOL DENSITY 60X50;OTHER
ROCKWOOL FIREROCK 60 KG 25 MM @ 12 LBR;OTHER
ROCKWOOL FIREROCK 60 KG 50 MM @ 6 LBR;OTHER
ROCKWOOL SAFE & COMFORD @ 6 LBR DENSITY 80;OTHER
RUNNER 7,6 @ 3 M;OTHER
SA 35 CM X 100 + LIS;OTHER
SA 35 CM X 90 + LIS;OTHER
SAKURA JAZZ CRYSTAL DELI BROWN;METAL & GYPSUM
SAKURA JAZZ CRYSTAL DELIMA RED;METAL & GYPSUM
SAKURA MX PUMA SILVER;METAL & GYPSUM
SAKURA POLAR CRSTAL DELI BROWN;METAL & GYPSUM
SAKURA POLAR CRYSTALDELIMA RED;METAL & GYPSUM
SAKURA PUMA CRYSTAL DELI BROWN;METAL & GYPSUM
SAKURA STONE COFFE BROWN;METAL & GYPSUM
SAKURA STONE DIAMOND BLACK;METAL & GYPSUM
SAKURA STONE PRETTY MAROON;METAL & GYPSUM
SCREW ROOFING 12 - 24 x 32;METAL & GYPSUM
SDL 20 x 1/2 M;METAL & GYPSUM
SEALTAPE YUTA;OTHER
SELANG FLEKSIBEL 30 CM;OTHER
SELANG FLEKSIBEL 50 CM;OTHER
SHELVING DSR 45 X 100 CM;OTHER
SHELVING DSR 45 X 90 CM;OTHER
SHERA EAVEPRO (16 X 240 X 300);OTHER
SHERA SMOOTH TEXTURE (8 X 100 X 300);OTHER
SHERA SPLENDID CROTON CASSIA TEXTURE;OTHER
SHERA STRIP SMOOTH SQUARE CUT EDGE;OTHER
SIKU LUBANG 16 KG HAMERTON @10 BTG;OTHER
SIKU LUBANG 21 KG ABU @10 BTG;OTHER
SINGLE HOOK 10 CM;OTHER
SINGLE HOOK 20 CM;OTHER
SINGLE HOOK 25 CM;OTHER
SINGLE HOOK 40 CM;OTHER
SINK TAP ABS TSA (TSV) 1/2 (S;OTHER
SKROW DRIVER;OTHER
SKRUP BAJA SDS;METAL & GYPSUM
SKRUP CHANAL SDS 10 x 3.4 x 19 MM;METAL & GYPSUM
SKRUP CHANAL SDS 10 x 3.4 x 19 MM @ 1.000 BJ;METAL & GYPSUM
SKRUP CHANAL TASO;METAL & GYPSUM
SKRUP GYP 2,5 CM (BJ);METAL & GYPSUM
SKRUP GYP 2,5 CM @ 1.000 BJ;METAL & GYPSUM
SKRUP GYP 2,5 CM @ 750 BJ;METAL & GYPSUM
SKRUP GYP 3 CM (BJ);METAL & GYPSUM
SKRUP GYPS 3 CM @ 1000 BJ;METAL & GYPSUM
SKRUP GYPS 3 CM @ 600 BJ;METAL & GYPSUM
SKRUP GYPS 3 CM @ 620 BJ;METAL & GYPSUM
SKRUP GYPS 5 CM (BJ);METAL & GYPSUM
SKRUP GYPS 5 CM @ 500 BJ;METAL & GYPSUM
SKRUP GYPS 5 CM @ 600 BJ;METAL & GYPSUM
SKRUP GYPSUM 2,5 CM @ 1.000 BJ UNGGUL;METAL & GYPSUM
SKRUP GYPSUM 2.5CM @ 2000 PCS;METAL & GYPSUM
SKRUP GYPSUM 3 CM @1000 BJ;METAL & GYPSUM
SKRUP GYPSUM 5 CM @ 450 BJ;METAL & GYPSUM
SKRUP KALSIBOARD (BJ);METAL & GYPSUM
SKRUP KALSIBOARD @ 1.000 BJ (LION);METAL & GYPSUM
SKRUP KALSIBOARD @1000 BJ;METAL & GYPSUM
SKRUP KALSIBOARD 2,5 @ 1500 Kng;METAL & GYPSUM
SKRUP ONDULINE COKLAT;METAL & GYPSUM
SKRUP ONDULINE HITAM;METAL & GYPSUM
SKRUP ONDULINE MERAH;METAL & GYPSUM
SKRUP RENG SDS;METAL & GYPSUM
SKRUP RENG SDS @ 900 BJ;METAL & GYPSUM
SKRUP RENG TASO;METAL & GYPSUM
SKRUP SDS 12 X 20 RENG BJ;METAL & GYPSUM
SKRUP SDS 12 X 25 CHANAL BJ;METAL & GYPSUM
SKRUP TRIMDEK 12 x 50;METAL & GYPSUM
SOCKET AW 1;OTHER
SOCKET AW 1 1/4;OTHER
SOCKET AW 1/2;OTHER
SOCKET AW 3/4;OTHER
SOCKET D 2;OTHER
SOFT BOARD 12X120X240 ( RSK );OTHER
SPANDEK 0.25  PJG 6.2 MTR;METAL & GYPSUM
SPANDEK SILVER BUBBLE FOIL PJ 4 MTR;METAL & GYPSUM
SPANDEK SILVER BUBBLE FOIL PJ 5 MTR;METAL & GYPSUM
SPANDEK SILVER BUBBLE FOIL PJ 6,2 MTR;METAL & GYPSUM
STAR TB 18,5 X 35X4X0,35MMBJLA;METAL & GYPSUM
STAR TB 18,5X35X4X0,35MM BJLAS;METAL & GYPSUM
STAR TB 35 X 35 X 4 X 0,30 MM;METAL & GYPSUM
STAR TB 35X35 X4 X0,35 MMBJLAS;METAL & GYPSUM
STAR TB 35X35 X4X0,35MM BJLAS;METAL & GYPSUM
SUPERGROUT SG 8-01;OTHER
SWING CHECK VALVE 1/2`;OTHER
SWING CHECK VALVE 1`;OTHER
SWING CHECK VALVE 3/4`;OTHER
TAJIR 78 ROLLER 9 VARIASI BLUE;OTHER
TALANG SG 140 X 4 MTR PIPA MAS;OTHER
TEE AW 1;OTHER
TEE AW 3/4;OTHER
TEE D 1 1/2;OTHER
TEE D 1 1/4;OTHER
TEE D 2;OTHER
TEE D 3;OTHER
TERPAL A5 PERAHU LAYAR BIRU 02X03;OTHER
TERPAL A5 PERAHU LAYAR BIRU 03X03;OTHER
TERPAL A5 PERAHU LAYAR BIRU 03X05;OTHER
TERPAL A5 PERAHU LAYAR BIRU 05X07;OTHER
TERPAL A5 PERAHU LAYAR COKLAT 02X03;OTHER
TERPAL A5 PERAHU LAYAR COKLAT 03X03;OTHER
TERPAL A5 PERAHU LAYAR COKLAT 03X05;OTHER
TERPAL A5 PERAHU LAYAR COKLAT 05X07;OTHER
TERPAL A5 PERAHU LAYAR POLOS BIRU 03X04;OTHER
TERPAL A5 PERAHU LAYAR POLOS BIRU 04X05;OTHER
TERPAL A5 PERAHU LAYAR POLOS BIRU 04X06;OTHER
TERPAL A5 PERAHU LAYAR POLOS BIRU 05X06;OTHER
TERPAL A5 PERAHU LAYAR POLOS BIRU 06X08;OTHER
TERPAL A5 PERAHU LAYAR POLOS COKLAT 03X04;OTHER
TERPAL A5 PERAHU LAYAR POLOS COKLAT 04X05;OTHER
TERPAL A5 PERAHU LAYAR POLOS COKLAT 04X06;OTHER
TERPAL A5 PERAHU LAYAR POLOS COKLAT 05X06;OTHER
TERPAL A5 PERAHU LAYAR POLOS COKLAT 06X08;OTHER
TERPAL A5 PERAHU LAYAR POLOS COKLAT 06X10;OTHER
TERPAL BERUANG KUTUB POLOS BIRU 03X03;OTHER
TERPAL BERUANG KUTUB POLOS BIRU 03X04;OTHER
TERPAL BERUANG KUTUB POLOS BIRU 04X05;OTHER
TERPAL BERUANG KUTUB POLOS BIRU 06 X 08;OTHER
TERPAL BERUANG KUTUB POLOS BIRU 08X10;OTHER
TERPAL BERUANG KUTUB POLOS BIRU 10X12;OTHER
TERPAL BERUANG KUTUB POLOS COKELAT 02X03;OTHER
TERPAL BERUANG KUTUB POLOS COKELAT 03X03;OTHER
TERPAL BERUANG KUTUB POLOS COKELAT 03X04;OTHER
TERPAL BERUANG KUTUB POLOS COKELAT 03X05;OTHER
TERPAL BERUANG KUTUB POLOS COKLAT 05X06;OTHER
TERPAL BERUANG KUTUB POLOS COKLAT 05X07;OTHER
TERPAL TIGA LUMBA A3 POLOS COKLAT 04X06;OTHER
TERPAL TIGA LUMBA A3 POLOS COKLAT 05X07;OTHER
TERPAL TIGA LUMBA A3 SILVER BIRU 02X03;OTHER
TERPAL TIGA LUMBA A3 SILVER BIRU 03X03;OTHER
TERPAL TIGA LUMBA A3 SILVER BIRU 03X04;OTHER
TERPAL TIGA LUMBA A3 SILVER BIRU 03X05;OTHER
TERPAL TIGA LUMBA A3 SILVER BIRU 04X04;OTHER
TERPAL TIGA LUMBA A3 SILVER BIRU 04X05;OTHER
TERPAL TIGA LUMBA A3 SILVER BIRU 04X06;OTHER
TERPAL TIGA LUMBA A3 SILVER BIRU 05X06;OTHER
TERPAL TIGA LUMBA A3 SILVER BIRU 05X07;OTHER
TERPAL TIGA LUMBA A3 SILVER BIRU 06X08;OTHER
TERPAL TIGA LUMBA A3 SILVER COKLAT 02X03;OTHER
TERPAL TIGA LUMBA A3 SILVER COKLAT 03X03;OTHER
TERPAL TIGA LUMBA A3 SILVER COKLAT 03X04;OTHER
TERPAL TIGA LUMBA A3 SILVER COKLAT 04X04;OTHER
TERPAL TIGA LUMBA A3 SILVER COKLAT 04X05;OTHER
TERPAL TIGA LUMBA A3 SILVER COKLAT 04X06;OTHER
TERPAL TIGA LUMBA A3 SILVER COKLAT 05X06;OTHER
TERPAL TIGA LUMBA A3 SILVER COKLAT 05X07;OTHER
TERPAL TIGA LUMBA A3 SILVER COKLAT 06X08;OTHER
TEXTILE TAPE 2 CM @40 MTR;OTHER
TEXTILE TAPE 3 CM @ 50 MTR;OTHER
TIANG DOUBLE 150;OTHER
TIANG DOUBLE 200;OTHER
TIANG SINGLE 150;OTHER
TIANG SINGLE 180;OTHER
TRIMDEK 0,25  x 750  PJG 6 MTR;METAL & GYPSUM
TRIMDEK 0,25  x 750 PJG 5 MTR;METAL & GYPSUM
TRIMDEK 0,25 X 750 PJG 4 MTR;METAL & GYPSUM
TRIMDEK 0,25 X 750 X 6,2 MTR;METAL & GYPSUM
TRIMDEK 0,30 AZ 70 PJ 6 MTR SILVER;METAL & GYPSUM
TRIMDEK 0,35 AZ 100 PJ 6 MTR SILVER;METAL & GYPSUM
TRIMDEK 0.25 X 750 X 4 M SILVER (UNO);METAL & GYPSUM
TRIMDEK ASA RESIN BLUE UK 0.20 MM PJ 4 MTR;METAL & GYPSUM
TRIMDEK ASA RESIN BLUE UK 0.20 MM PJ 5 MTR;METAL & GYPSUM
TRIMDEK ASA RESIN BLUE UK 0.20 MM PJ 6 MTR;METAL & GYPSUM
TRIMDEK ASA RESIN BLUE UK 0.20 MM PJ 6.2 MTR;METAL & GYPSUM
TRIMDEK BUKIT SILVER 0.25 MM PJ 4 MTR;METAL & GYPSUM
TRIMDEK BUKIT SILVER 0.25 MM PJ 5 MTR;METAL & GYPSUM
TRIMDEK BUKIT SILVER 0.25 MM PJ 6 MTR;METAL & GYPSUM
TRIMDEK BUKIT SILVER 0.25 MM PJ 6.2 MTR;METAL & GYPSUM
TRIMDEK RESIN BLUE (UNO) 4 MTR;METAL & GYPSUM
TRIMDEK SILVER BD 0,25X4 MTR;METAL & GYPSUM
TRIMDEK SILVER BD 0,25 X 5 MTR;METAL & GYPSUM
TRIMDEK SILVER BD 0,25 X 6 MTR;METAL & GYPSUM
TRIMDEK SILVER BD 0,25X6 MTR;METAL & GYPSUM
TRIMDEK SILVER BT 0.25 PJ 4 MTR;METAL & GYPSUM
TRIMDEK SILVER BT 0.25 PJ 5 MTR;METAL & GYPSUM
TRIMDEK SILVER BT 0.25 PJ 6 MTR;METAL & GYPSUM
TRIMDEK SILVER BT 0.25 PJ 6.2 MTR;METAL & GYPSUM
TRIMDEK UNGGUL TULIP RESIN BLUE PJ 5 MTR;METAL & GYPSUM
TRIMDEK UNGGUL TULIP SILVER PJ 4 MTR;METAL & GYPSUM
TRIMDEK UNGGUL TULIP SILVER PJ 5 MTR;METAL & GYPSUM
TRIMDEK UNGGUL TULIP SILVER PJ 6 MTR;METAL & GYPSUM
TRIMDEK UNGGUL TULIP SILVER PJ 6,2 MTR;METAL & GYPSUM
TRIMDEX 0.25 X 750 X 5  MTR SILVER (UNO);METAL & GYPSUM
TRIMDEX 0.25 X 750 X 6 MTR SILVER (UNO);METAL & GYPSUM
TRIMDEX GARUDA 0,25 PJ 4 MTR;METAL & GYPSUM
TRIMDEX GARUDA 0,25 PJ 6,2 MTR;METAL & GYPSUM
TRIMDEX PUMA 0,25x750x5 MTR;METAL & GYPSUM
TRIMDEX RESIN BLUE (UNO) 5 MTR;METAL & GYPSUM
TRIMDEX RESIN BLUE (UNO) 6 MTR;METAL & GYPSUM
TRIMDEX RESIN BLUE (UNO) 6,2 MTR;METAL & GYPSUM
TRIMDEX RESIN BLUE 4 MTR;METAL & GYPSUM
TRIMDEX RESIN BLUE 5 MTR;METAL & GYPSUM
TRIMDEX RESIN BLUE 6 MTR;METAL & GYPSUM
TRIMDEX RESIN BLUE 6,2 MTR;METAL & GYPSUM
TRIMDEX SILVER (UNO) 0.25 PJ 6,2 MTR;METAL & GYPSUM
TRIMDEX SILVER 0,25 PJG 6,2 MTR;METAL & GYPSUM
TRIMDEX UNGGUL SILVER 0,35 AZ 100;METAL & GYPSUM
TRIMDEX UNGGUL TULIP RESIN BLUE PJ 4 MTR;METAL & GYPSUM
TRIMDEX UNGGUL TULIP RESIN BLUE PJ 6 MTR;METAL & GYPSUM
TRIMDEX UNGGUL TULIP RESIN BLUE PJ 6,2 MTR;METAL & GYPSUM
TUTUP BAWAH 100 CM;OTHER
TUTUP BAWAH 90 CM;OTHER
VALVE SOCKET AW 1 1/2;OTHER
VALVE SOCKET AW 1 1/4;OTHER
VALVE SOCKET AW 1/2;OTHER
VALVE SOCKET AW 2;OTHER
VALVE SOCKET AW 3/4;OTHER
VINILN AW 1/2 WHITE 4M (RSK);OTHER
VINILON AW 1 1/2 ABU 4 M;OTHER
VINILON AW 1 1/2 WHITE 4 M;OTHER
VINILON AW 1 1/4 ABU 4 M;OTHER
VINILON AW 1 1/4 WHITE 4 M;OTHER
VINILON AW 2 1/2 ABU 4 M;OTHER
VINILON AW 2 1/2 WHITE 4 M;OTHER
VINILON AW 3 ABU 4 M;OTHER
VINILON AW 3 WHITE 4 M;OTHER
VINILON AW 3/4 ABU 4 M;OTHER
VINILON AW 4 ABU 4 M;OTHER
VINILON AW 4 WHITE 4 M;OTHER
VINILON AW 5 WHITE 4 M;OTHER
VINILON D 1 1/2 WHITE 4 M;OTHER
VINILON D 1 1/4 WHITE 4 M;OTHER
VINILON D 2 ABU 4 M;OTHER
VINILON D 2 WHITE 4 M;OTHER
VINILON D 4 ABU 4 M;OTHER
VINILON D 4 WHITE 4 M;OTHER
VINILON D 5 WHITE 4 M;OTHER
VINILON D 6 WHITE 4 M;OTHER
VINILON D 8 PUTIH;OTHER
VINILON OD 1/2 PUTIH 4 M;OTHER
VINILON OD 5/8 WHITE 4 M;OTHER
WALL ANGLE A+ 18 x 18;METAL & GYPSUM
WALL ANGLE A+ 20 x 20;METAL & GYPSUM
WALL ANGLE ACCOUSTIC;METAL & GYPSUM
WALL ANGLE LIPAT @ 3 M;METAL & GYPSUM
WALL ANGLE LIPAT @ 3 M (RSK);METAL & GYPSUM
WIRE MESH 1.2 x 7.5 CM x 7.5 CM x 1.8 MTR x 30 MTR;OTHER
YT ANGLE VALVE AGB 1/2;OTHER
YT ANGLE VALVE AGLF 1/2;OTHER
YT ANGLE VALVE AGZD 1/2;OTHER
YT BALL -V 400 PSI FIG.FB 1/2;OTHER
YT BALL -V 400 PSI FIG.FB 3/4;OTHER
YT BALL VALVE (PVC BVS) 1;OTHER
YT BALL VALVE (PVC BVS) 1/2;OTHER
YT BALL-V SOC YT PVC BVOP 1;OTHER
YT BALL-V SOC YT PVC BVOP 3/4;OTHER
YT BALL-V SOC YTPVC BVOP 11/2;OTHER
YT BALL-V SOC YTPVC BVOP 11/4;OTHER
YT BASIN MIXER SP03BS 1/2;OTHER
YT BASIN SINK TAP TSBLF 1/2;OTHER
YT BASIN TAP ABS TBAC 1/2;OTHER
YT BASIN TAP ABS TBAW 1/2;OTHER
YT BASIN TAP TBLF 1/2;OTHER
YT BASIN TAP TBOZ 1/2;OTHER
YT BATHTUB MIXER SP 01BM 1/2;OTHER
YT BIBCOCK ABS BALC 1/2;OTHER
YT BIBCOCK ABS BAMHW 1/2;OTHER
YT BIBCOCK BLACK BCH 1/2;OTHER
YT BIBCOCK BLUE BCB 3/4;OTHER
YT BIBCOCK ZN YUTA BLLF 1/2;OTHER
YT BIBCOCK ZN YUTA BMLF 1/2;OTHER
YT BIDET SET STF-Ivory 1/2;OTHER
YT CHECK-VALV 125 PSI (C) 1;OTHER
YT CHECK-VALV 125 PSI (C) 1/2;OTHER
YT CHECK-VALV 125 PSI (C) 3/4;OTHER
YT CHECK-VALV 200 PSI (C) 1;OTHER
YT CHECK-VALV125 PSI(C) 1 1/4;OTHER
YT DOUBLE NIPPLE DNB 1;OTHER
YT DOUBLE TAP ABS TDAHC 1/2;OTHER
YT FILTER TUSEN KLEP FTS 1/2;OTHER
YT FILTER TUSEN KLEP FTS 3/4;OTHER
YT FLOOR DRAIN DFSM 3;OTHER
YT FLOOR DRAIN DFVM 3;OTHER
YT FLOOR DRAIN DFZS 3;OTHER
YT FOOT-VALVE PVC PFV 1;OTHER
YT GATE VALVE 125 Psi GT 1/2;OTHER
YT METERAN YUTA 3 M;OTHER
YT METERAN YUTA 7,5 M;OTHER
YT PELAMPNG STL (Fig.901) 1/2;OTHER
YT PTFE SEAL TAPE 12MM;OTHER
YT PTFE SEAL TAPE 25MM;OTHER
YT SHOWER MIXER SP02M 1/2;OTHER
YT SINK MIXER SP04STL 1/2;OTHER
YT SINK MIXER SP05SW 1/2;OTHER
YT SINK TAP ABS TSA (TSV) 1/2;OTHER
YT SINK TAP TS 1/2;OTHER
YT TUSEN KLEP Fig - TL 1;OTHER
YT TUSEN KLEP Fig - TL 1/2;OTHER
TRIMDEK SILVER RJ 25 DECK 760 X 6 MTR;METAL & GYPSUM
TRIMDEK SILVER RJ 25 DECK 760 X 5 MTR;METAL & GYPSUM
RENG BUKIT R30 - GLC;METAL & GYPSUM
TERPAL TIGA LUMBA A3 SILVER UNGU 03X04;OTHER
TRIMDEK SILVER RJ 25 DECK 760 X 4 MTR;METAL & GYPSUM
TERPAL A12 BERUANG SUPER GOLD POLOS BIRU 02X03;OTHER
KALSIGROVE 7,5 X 3 M (120 X 300);EBPI
ELBOW (Dv) 4 PIPA MAS;OTHER
FAUCET ELBOW AW (KDD)  1/2;OTHER
SOCKET D 1 1/4;OTHER
ELBOW D (KNEE D) 45 2 1/2;OTHER
TRIMDEK SILVER RJ 25 DECK 760 X 6.2 MTR;METAL & GYPSUM
RENG BUKIT R30-40 ASIMETRIS;METAL & GYPSUM
SPANDEK SILVER BD 0,25X6 MTR;METAL & GYPSUM
KALSIFLOOR 14MM 60 X 120;EBPI
A. BUBBLE FOIL (IF) 4MMX1,2X25;OTHER
CHANAL BT35 C75A;METAL & GYPSUM
CHANAL BT35 C75-75;METAL & GYPSUM
BIBCOCK ABS YUTA BALC 1/2;OTHER
BIBCOCK ABS YUTA BAMHW 1/2;OTHER
TRIMDEK RESIN BLUE BD 0,25X4M;METAL & GYPSUM
CORNICE ADH APLUS @ 20 BKS;METAL & GYPSUM
KALSIPLANK CEDAR 9MM (20X400);EBPI
RENG BUKIT R30-40;METAL & GYPSUM
NOK TRIMDEK 0,25 PJ 3 MTR;METAL & GYPSUM
TRIMDEK SILVER BD 0,25X5 MTR;METAL & GYPSUM
TRIMDEK SILVER BKT 0,25X 6 MTR;METAL & GYPSUM
HOLLOW BUKIT 0,30 4X4 PJ 4 MTR;METAL & GYPSUM
TRIMDEK SILVER BKT0,25X 6,2MTR;METAL & GYPSUM
TRIMDEK RESIN BLUE BD 0,25X5M;METAL & GYPSUM
HOLLOW S 2 X 4 0,35;METAL & GYPSUM
HOLLOW BUKIT 0,30 2X4 PJ 4 MTR;METAL & GYPSUM
HOLLOW S 4 X 4 0,35;METAL & GYPSUM
WALL ANGLE BUKIT;METAL & GYPSUM
SHEDOWLINE BUKIT@ 3 M;METAL & GYPSUM
GO GREEN HIJAU 210 X 80;OTHER
GO GREEN HIJAU 240 X 80;OTHER
GO GREEN HIJAU 300 X 80;OTHER
GO GREEN MERAH 210 X 80;OTHER
GO GREEN MERAH 240 X 80;OTHER
TRIMDEK RESIN BLUE BD 0,25X6M;METAL & GYPSUM
CHANAL BT30 C75A;METAL & GYPSUM
RENG R30-35 X 6 MTR A-SIMETRIS;METAL & GYPSUM
RENG BUKIT R30 - 35;METAL & GYPSUM
HOLLOW MBT 0.30 2X4 PJ 4MTR;METAL & GYPSUM
KALSIPLINTH 8 MM (10 X 300);EBPI
ALUMINIUM B. FOIL 4MMX1,25X25M;OTHER
CHANAL BT30 C75-75;METAL & GYPSUM
CHANAL KASO (KSO) C75 -75 X 6M;METAL & GYPSUM
CHANAL TASO (KSO) C75 -75 X 6M;METAL & GYPSUM
GO GREEN BR PREMIUM II 180X80;OTHER
GO GREEN MTL PREMIUM II 180X80;OTHER
KALSI JOINT COMPOUND @20 KG;EBPI
KALSI SCREW FL 20 MM @ 100;EBPI
KALSI SCREW FL 20 MM @ 1000;EBPI
KALSIDECK MERANTI 20MM(20X240);EBPI
KALSIQUA 8 MM (120 X 240);EBPI
METAL STUD 7,6  @ 3 M;METAL & GYPSUM
NOK SAKURA STONE DIAMOND BLACK;METAL & GYPSUM
NOK TRIMDEX 0.25 PJ 4 MTR;METAL & GYPSUM
RENG KASO MINI 30 - 0,45 X 6M;METAL & GYPSUM
SPANDEK SILVER BD 0,25X4 MTR;METAL & GYPSUM
SPANDEK SILVER BD 0,25X5 MTR;METAL & GYPSUM
SPANDEK SILVER BD 0,25X6,2 MTR;METAL & GYPSUM
TERPAL A5 PERAHU LYR CKLT 2X3;OTHER
TRIMDEK SILVER BD 0,25X6,2 MTR;METAL & GYPSUM
TRIMDEK SILVER BKT 0,25X 4 MTR;METAL & GYPSUM
TRIMDEK SILVER BKT 0,25X 5 MTR;METAL & GYPSUM
ACCOSTIC ANF AMSTRONG @ 10 LBR;OTHER
CHANAL KS C75 - 0,65 X 6 M;METAL & GYPSUM
CLEAN OUT D 3;OTHER
EMBER COR GO GREEN 18 (S);OTHER
ETER6 5MM (100 X 180);EBPI
FAUCET ELBOW AW (KDD) 1/2;OTHER
FIBER TAPE BLITZ VPR 3CM X 40M;OTHER
GL 9 TINTED BLUE 0,25 PJ 6,2 M;METAL & GYPSUM
HOLLOW BOS 0,35 2 X 4 PJ 4 MTR;METAL & GYPSUM
HOLLOW GN 0,30 2X4 PJG 4 MTR;METAL & GYPSUM
HOLLOW GN 0,30 4X4 PJG 4 MTR;METAL & GYPSUM
KALSIGROOVE 7,5MM (120 X 240);EBPI
KALSIGROOVE 7,5MMX120X270;EBPI
NOK JURAI 3 MTR;METAL & GYPSUM
OPTIMA COR 1KG (1 DUS@12 KLG);OTHER
OPTIMA COR 5KG (1 DUS @ 4 JRG);OTHER
PAKU GYPSUM @20 KG;METAL & GYPSUM
RCKWOL SF N SILENTD80 5X60X120;OTHER
RENG BUKIT R28 - 30;METAL & GYPSUM
RENG TASO (MX) 32 - 0,45 X 6M;METAL & GYPSUM
ROLL GLVLM 0,25 L120 PJ 50 MTR;METAL & GYPSUM
ROOCWOOL SLAB 6050X120X6LBR;OTHER
RUNNER 7,6  @ 3 M;METAL & GYPSUM
SELANG FLEKSIBEL 40 CM;OTHER
SPANDEK FERDAM AK 0,25X6,2MTR;METAL & GYPSUM
SPANDEK SVR BUBBLE FOIL PJ 4M;METAL & GYPSUM
SPANDEK SVR BUBBLE FOIL PJ6,2M;METAL & GYPSUM
TERPAL A15 BERUANG ORANGE4X6;OTHER
TERPAL A15 BERUANG ORANGE5X6;OTHER
TERPAL A5 PERAHU LYR BIRU 5X6;OTHER
TERPAL A5 PERAHU LYR BIRU 5X7;OTHER
TERPAL A5 PERAHU LYR CKLT 3X5;OTHER
TERPAL A5 PERAHU LYR CKLT 4X5;OTHER
TERPAL A5 PERAHU LYR CKLT 5X6;OTHER
TERPAL A5 PERAHU LYR CKLT 6X10;OTHER
TERPAL BERUANG KUTUB BIRU 6X8;OTHER
TERPAL BERUANG KUTUB CKLT 3X5;OTHER
TRIMDEK 0,30 X 750  X 6 MTR;METAL & GYPSUM
TRIMDEK RESIN BLUE BD0,25X6,2M;METAL & GYPSUM
TRIMDEX UNGGUL TULIP RB 6,2 M;METAL & GYPSUM
